asset_id,asset_type_id,section_id,location_km,installation_date,status,last_inspected_date
AST-002,AT-001,SEC-006,26.166,2016-06-20,OPERATIONAL,2026-07-20
AST-003,AT-004,SEC-001,0.238,2020-02-18,OPERATIONAL,2026-07-18
AST-004,AT-001,SEC-005,21.29,2015-04-19,OPERATIONAL,2026-05-23
AST-007,AT-002,SEC-003,9.175,2018-04-28,OPERATIONAL,2026-07-14
AST-008,AT-003,SEC-005,21.881,2022-02-05,OPERATIONAL,2026-06-27
AST-010,AT-003,SEC-006,25.067,2018-07-12,OPERATIONAL,2026-07-12
AST-012,AT-001,SEC-002,6.932,2018-04-28,OPERATIONAL,2026-06-05
AST-013,AT-003,SEC-002,2.961,2020-03-26,OPERATIONAL,2026-06-26
AST-018,AT-002,SEC-005,27.387,2019-01-21,OPERATIONAL,2026-07-02
AST-019,AT-004,SEC-004,18.174,2015-05-17,OPERATIONAL,2026-05-11
AST-022,AT-002,SEC-005,23.942,2014-02-09,OPERATIONAL,2026-07-16
AST-023,AT-001,SEC-002,5.02,2013-09-13,OPERATIONAL,2026-07-30
AST-027,AT-003,SEC-001,2.348,2020-10-23,OPERATIONAL,2026-06-16
AST-032,AT-003,SEC-003,10.754,2019-11-19,OPERATIONAL,2026-05-09
AST-037,AT-003,SEC-004,19.444,2015-04-19,OPERATIONAL,2026-05-13
AST-038,AT-004,SEC-001,1.983,2021-11-12,OPERATIONAL,2026-06-14
AST-039,AT-002,SEC-005,21.482,2021-10-15,OPERATIONAL,2026-06-10
AST-044,AT-004,SEC-003,12.871,2017-05-07,OPERATIONAL,2026-07-01
AST-046,AT-004,SEC-006,22.554,2021-05-11,OPERATIONAL,2026-06-04
AST-047,AT-002,SEC-005,23.538,2017-11-07,OPERATIONAL,2026-06-22
AST-048,AT-004,SEC-002,6.996,2021-09-27,OPERATIONAL,2026-05-06
AST-054,AT-003,SEC-002,7.75,2016-02-02,OPERATIONAL,2026-07-29
AST-057,AT-002,SEC-001,4.76,2015-01-05,OPERATIONAL,2026-06-29
AST-059,AT-001,SEC-005,20.238,2015-03-19,OPERATIONAL,2026-07-04
AST-065,AT-003,SEC-001,7.034,2018-06-10,OPERATIONAL,2026-06-11
AST-066,AT-004,SEC-005,25.832,2015-09-22,OPERATIONAL,2026-07-08
AST-069,AT-001,SEC-006,24.479,2019-07-13,OPERATIONAL,2026-05-03
AST-070,AT-002,SEC-006,22.586,2014-11-16,OPERATIONAL,2026-07-24
AST-072,AT-004,SEC-003,8.507,2018-11-04,OPERATIONAL,2026-05-22
AST-077,AT-001,SEC-003,10.416,2019-10-14,OPERATIONAL,2026-06-25
AST-081,AT-003,SEC-004,17.226,2014-05-05,OPERATIONAL,2026-05-04
AST-083,AT-001,SEC-004,10.558,2017-06-03,OPERATIONAL,2026-06-11
AST-084,AT-002,SEC-002,0.189,2020-06-01,OPERATIONAL,2026-06-09
AST-085,AT-003,SEC-001,7.735,2019-06-15,OPERATIONAL,2026-07-12
AST-086,AT-004,SEC-006,28.33,2016-07-27,OPERATIONAL,2026-07-06
AST-087,AT-001,SEC-001,7.016,2019-08-28,OPERATIONAL,2026-07-19
AST-088,AT-003,SEC-001,0.867,2017-09-17,OPERATIONAL,2026-06-27
AST-089,AT-003,SEC-004,14.971,2016-11-06,OPERATIONAL,2026-06-28
AST-090,AT-002,SEC-003,8.51,2017-09-10,OPERATIONAL,2026-05-28
AST-091,AT-002,SEC-003,12.96,2015-02-19,OPERATIONAL,2026-06-02
AST-094,AT-003,SEC-005,20.646,2017-11-13,OPERATIONAL,2026-06-21
AST-097,AT-002,SEC-004,17.036,2015-10-13,OPERATIONAL,2026-05-24
AST-101,AT-003,SEC-002,6.453,2020-12-06,OPERATIONAL,2026-07-05
AST-102,AT-002,SEC-004,15.03,2013-12-19,OPERATIONAL,2026-06-10
AST-103,AT-004,SEC-006,24.681,2014-07-12,OPERATIONAL,2026-06-16
AST-111,AT-004,SEC-006,21.653,2017-08-26,OPERATIONAL,2026-07-13
AST-112,AT-003,SEC-002,2.174,2018-12-31,OPERATIONAL,2026-06-21
AST-116,AT-001,SEC-005,22.923,2022-07-08,OPERATIONAL,2026-06-25
AST-119,AT-004,SEC-004,8.334,2018-10-25,OPERATIONAL,2026-07-31
AST-124,AT-003,SEC-003,16.754,2018-05-02,OPERATIONAL,2026-06-22
AST-125,AT-004,SEC-003,17.601,2017-04-23,OPERATIONAL,2026-06-07
AST-126,AT-001,SEC-003,10.579,2021-10-24,OPERATIONAL,2026-07-08
AST-128,AT-001,SEC-005,20.871,2021-03-02,OPERATIONAL,2026-07-19
AST-133,AT-002,SEC-001,4.737,2015-07-20,OPERATIONAL,2026-06-12
AST-134,AT-003,SEC-006,24.904,2021-03-24,OPERATIONAL,2026-05-06
AST-141,AT-002,SEC-001,2.231,2017-07-12,OPERATIONAL,2026-07-25
AST-142,AT-004,SEC-005,24.993,2018-05-02,OPERATIONAL,2026-07-06
AST-143,AT-004,SEC-003,10.091,2020-03-16,OPERATIONAL,2026-07-30
AST-144,AT-003,SEC-003,11.216,2015-11-25,OPERATIONAL,2026-07-26
AST-146,AT-004,SEC-004,14.385,2019-11-21,OPERATIONAL,2026-07-18
AST-148,AT-004,SEC-006,21.69,2015-02-20,OPERATIONAL,2026-05-18
AST-151,AT-003,SEC-002,0.965,2020-06-04,OPERATIONAL,2026-05-06
AST-152,AT-002,SEC-002,1.731,2017-02-25,OPERATIONAL,2026-07-22
AST-153,AT-003,SEC-001,6.661,2019-04-06,OPERATIONAL,2026-07-29
AST-154,AT-002,SEC-003,8.163,2016-08-05,OPERATIONAL,2026-06-19
AST-155,AT-001,SEC-001,4.427,2014-10-06,OPERATIONAL,2026-06-15
AST-160,AT-003,SEC-001,7.951,2021-04-03,OPERATIONAL,2026-06-12
AST-162,AT-004,SEC-004,18.448,2019-04-02,OPERATIONAL,2026-06-19
AST-166,AT-004,SEC-004,15.928,2017-04-25,OPERATIONAL,2026-07-03
AST-167,AT-002,SEC-003,16.13,2014-09-13,OPERATIONAL,2026-07-29
AST-175,AT-003,SEC-001,0.731,2015-01-09,OPERATIONAL,2026-06-26
AST-178,AT-004,SEC-003,10.087,2016-01-08,OPERATIONAL,2026-05-29
AST-180,AT-001,SEC-002,2.638,2014-10-21,OPERATIONAL,2026-06-05
AST-182,AT-003,SEC-001,7.761,2018-01-19,OPERATIONAL,2026-06-17
AST-186,AT-002,SEC-003,13.038,2014-10-02,OPERATIONAL,2026-05-09
AST-189,AT-001,SEC-004,18.891,2015-04-27,OPERATIONAL,2026-06-25
AST-191,AT-004,SEC-004,10.803,2016-05-27,OPERATIONAL,2026-07-20
AST-192,AT-002,SEC-005,24.074,2021-01-19,OPERATIONAL,2026-07-29
AST-196,AT-004,SEC-004,18.728,2020-06-20,OPERATIONAL,2026-06-03
AST-199,AT-002,SEC-004,19.095,2021-03-02,OPERATIONAL,2026-06-03
AST-201,AT-004,SEC-001,5.78,2017-12-26,OPERATIONAL,2026-05-11
AST-203,AT-004,SEC-006,20.223,2018-11-25,OPERATIONAL,2026-07-20
AST-206,AT-003,SEC-002,5.974,2017-09-19,OPERATIONAL,2026-06-15
AST-209,AT-003,SEC-003,12.953,2019-11-05,OPERATIONAL,2026-07-17
AST-211,AT-004,SEC-005,25.648,2017-01-01,OPERATIONAL,2026-06-26
AST-215,AT-004,SEC-006,21.751,2019-03-13,OPERATIONAL,2026-06-17
AST-216,AT-004,SEC-004,9.227,2018-04-22,OPERATIONAL,2026-06-29
AST-218,AT-004,SEC-003,8.093,2014-11-22,OPERATIONAL,2026-05-10
AST-225,AT-002,SEC-005,27.388,2018-06-25,OPERATIONAL,2026-07-04
AST-230,AT-004,SEC-001,2.116,2021-03-13,OPERATIONAL,2026-06-27
AST-235,AT-001,SEC-001,2.435,2017-01-22,OPERATIONAL,2026-05-11
AST-236,AT-002,SEC-005,20.721,2017-06-30,OPERATIONAL,2026-05-29
AST-237,AT-004,SEC-005,26.18,2020-11-07,OPERATIONAL,2026-06-26
AST-241,AT-003,SEC-001,3.185,2020-06-15,OPERATIONAL,2026-05-03
AST-244,AT-002,SEC-005,21.347,2014-01-01,OPERATIONAL,2026-06-23
AST-246,AT-002,SEC-005,19.526,2020-12-17,OPERATIONAL,2026-07-24
AST-250,AT-004,SEC-005,20.523,2021-11-14,OPERATIONAL,2026-05-20
AST-258,AT-004,SEC-001,6.345,2021-04-20,OPERATIONAL,2026-07-02
AST-261,AT-001,SEC-003,12.908,2015-02-15,OPERATIONAL,2026-07-21
AST-262,AT-002,SEC-006,27.807,2021-10-31,OPERATIONAL,2026-05-03
AST-263,AT-001,SEC-001,3.455,2014-03-27,OPERATIONAL,2026-06-29
AST-268,AT-004,SEC-002,6.778,2018-08-28,OPERATIONAL,2026-07-01
AST-270,AT-004,SEC-005,28.271,2015-08-12,OPERATIONAL,2026-06-18
AST-277,AT-001,SEC-001,1.245,2014-02-14,OPERATIONAL,2026-07-23
AST-282,AT-001,SEC-001,1.635,2020-03-19,OPERATIONAL,2026-07-26
AST-284,AT-004,SEC-002,1.033,2016-08-11,OPERATIONAL,2026-05-05
AST-286,AT-001,SEC-004,8.216,2021-09-17,OPERATIONAL,2026-07-24
AST-289,AT-004,SEC-006,27.778,2021-08-06,OPERATIONAL,2026-05-15
AST-292,AT-002,SEC-001,4.084,2021-04-21,OPERATIONAL,2026-05-19
AST-295,AT-002,SEC-006,20.178,2013-12-01,OPERATIONAL,2026-06-01
AST-298,AT-003,SEC-002,3.518,2017-04-29,OPERATIONAL,2026-05-06
AST-301,AT-003,SEC-001,5.157,2021-07-28,OPERATIONAL,2026-05-13
AST-307,AT-004,SEC-004,14.027,2015-09-30,OPERATIONAL,2026-05-26
AST-308,AT-003,SEC-003,12.455,2013-11-24,OPERATIONAL,2026-07-07
AST-309,AT-001,SEC-006,25.326,2021-11-05,OPERATIONAL,2026-05-05
AST-310,AT-004,SEC-003,10.898,2015-03-22,OPERATIONAL,2026-06-26
AST-314,AT-004,SEC-006,26.625,2021-02-24,OPERATIONAL,2026-07-02
AST-317,AT-004,SEC-002,1.812,2021-01-15,OPERATIONAL,2026-05-19
AST-318,AT-003,SEC-001,4.062,2016-07-13,OPERATIONAL,2026-05-25
AST-323,AT-004,SEC-005,22.064,2014-03-10,OPERATIONAL,2026-05-06
AST-330,AT-002,SEC-003,13.167,2016-10-29,OPERATIONAL,2026-07-04
AST-331,AT-004,SEC-001,7.571,2020-02-04,OPERATIONAL,2026-07-25
AST-334,AT-003,SEC-001,6.713,2015-04-18,OPERATIONAL,2026-05-26
AST-335,AT-002,SEC-002,0.306,2017-04-14,OPERATIONAL,2026-06-27
AST-337,AT-001,SEC-001,2.047,2020-11-27,OPERATIONAL,2026-06-05
AST-339,AT-003,SEC-001,0.382,2017-11-16,OPERATIONAL,2026-06-04
AST-343,AT-004,SEC-002,5.315,2021-08-16,OPERATIONAL,2026-07-02
AST-346,AT-004,SEC-003,10.917,2022-05-27,OPERATIONAL,2026-05-26
AST-347,AT-001,SEC-003,10.773,2015-03-20,OPERATIONAL,2026-05-25
AST-349,AT-003,SEC-006,21.076,2013-11-05,OPERATIONAL,2026-05-26
AST-351,AT-004,SEC-001,2.348,2022-02-03,OPERATIONAL,2026-05-22
AST-353,AT-004,SEC-003,8.421,2015-05-01,OPERATIONAL,2026-05-04
AST-354,AT-003,SEC-001,6.926,2018-11-11,OPERATIONAL,2026-07-27
AST-355,AT-003,SEC-004,18.229,2014-04-01,OPERATIONAL,2026-06-13
AST-360,AT-004,SEC-005,25.959,2020-09-18,OPERATIONAL,2026-06-27
AST-367,AT-002,SEC-006,23.549,2018-06-04,OPERATIONAL,2026-07-08
AST-368,AT-001,SEC-005,20.739,2018-06-20,OPERATIONAL,2026-06-30
AST-369,AT-003,SEC-002,7.684,2022-04-17,OPERATIONAL,2026-05-06
AST-371,AT-003,SEC-006,23.516,2015-09-21,OPERATIONAL,2026-05-22
AST-372,AT-004,SEC-002,0.981,2021-10-02,OPERATIONAL,2026-07-05
AST-376,AT-003,SEC-005,21.518,2020-04-30,OPERATIONAL,2026-06-30
AST-379,AT-004,SEC-006,25.97,2016-09-08,OPERATIONAL,2026-05-29
AST-382,AT-002,SEC-002,3.461,2021-12-18,OPERATIONAL,2026-05-05
AST-384,AT-002,SEC-003,18.896,2016-10-06,OPERATIONAL,2026-05-19
AST-388,AT-003,SEC-005,19.871,2022-04-07,OPERATIONAL,2026-07-15
AST-389,AT-003,SEC-006,21.397,2016-03-02,OPERATIONAL,2026-07-21
AST-391,AT-003,SEC-004,10.816,2014-11-26,OPERATIONAL,2026-07-26
AST-394,AT-003,SEC-006,28.392,2018-09-17,OPERATIONAL,2026-06-10
AST-396,AT-004,SEC-001,2.14,2019-10-21,OPERATIONAL,2026-07-13
AST-397,AT-001,SEC-003,18.872,2015-09-07,OPERATIONAL,2026-05-04
AST-399,AT-002,SEC-004,19.454,2017-05-07,OPERATIONAL,2026-05-16
AST-402,AT-004,SEC-005,27.441,2015-04-01,OPERATIONAL,2026-06-14
AST-405,AT-004,SEC-001,4.562,2020-05-26,OPERATIONAL,2026-06-11
AST-406,AT-003,SEC-001,3.091,2017-07-14,OPERATIONAL,2026-05-28
AST-408,AT-001,SEC-004,12.292,2018-10-13,OPERATIONAL,2026-07-06
AST-411,AT-004,SEC-005,23.613,2015-10-14,OPERATIONAL,2026-05-18
AST-413,AT-003,SEC-005,22.527,2016-11-13,OPERATIONAL,2026-07-10
AST-415,AT-001,SEC-004,14.713,2013-08-25,OPERATIONAL,2026-05-07
AST-420,AT-001,SEC-002,0.151,2019-01-25,OPERATIONAL,2026-05-19
AST-423,AT-002,SEC-005,22.425,2015-02-27,OPERATIONAL,2026-07-13
AST-428,AT-003,SEC-003,16.106,2014-11-04,OPERATIONAL,2026-07-18
AST-431,AT-004,SEC-003,18.978,2020-12-10,OPERATIONAL,2026-07-22
AST-432,AT-003,SEC-006,20.211,2017-08-16,OPERATIONAL,2026-07-19
AST-434,AT-003,SEC-002,0.874,2014-04-11,OPERATIONAL,2026-05-16
AST-436,AT-002,SEC-001,0.802,2018-11-18,OPERATIONAL,2026-05-19
AST-440,AT-001,SEC-006,24.667,2016-08-01,OPERATIONAL,2026-05-28
AST-444,AT-001,SEC-003,11.272,2015-05-24,OPERATIONAL,2026-06-28
AST-446,AT-001,SEC-003,9.869,2017-06-09,OPERATIONAL,2026-06-21
AST-448,AT-002,SEC-002,4.888,2015-06-03,OPERATIONAL,2026-06-30
AST-451,AT-002,SEC-001,2.086,2019-12-11,OPERATIONAL,2026-07-22
AST-454,AT-001,SEC-004,11.528,2018-01-14,OPERATIONAL,2026-06-23
AST-456,AT-002,SEC-002,7.659,2017-03-22,OPERATIONAL,2026-07-20
AST-457,AT-003,SEC-004,16.072,2017-04-21,OPERATIONAL,2026-05-20
AST-459,AT-001,SEC-005,23.521,2014-09-10,OPERATIONAL,2026-06-14
AST-460,AT-001,SEC-001,6.63,2016-11-30,OPERATIONAL,2026-05-08
AST-461,AT-002,SEC-002,2.625,2016-09-30,OPERATIONAL,2026-06-21
AST-471,AT-002,SEC-006,27.243,2021-04-03,OPERATIONAL,2026-05-04
AST-472,AT-004,SEC-005,20.646,2020-02-01,OPERATIONAL,2026-05-28
AST-475,AT-003,SEC-002,2.205,2014-06-15,OPERATIONAL,2026-07-22
AST-479,AT-001,SEC-004,13.048,2016-07-13,OPERATIONAL,2026-06-09
AST-480,AT-001,SEC-002,4.031,2019-05-05,OPERATIONAL,2026-06-15
AST-481,AT-003,SEC-005,24.881,2015-01-16,OPERATIONAL,2026-07-09
AST-486,AT-003,SEC-006,23.247,2020-11-28,OPERATIONAL,2026-07-08
AST-487,AT-002,SEC-005,23.762,2020-01-21,OPERATIONAL,2026-06-26
AST-488,AT-002,SEC-004,18.52,2016-04-11,OPERATIONAL,2026-06-24
AST-490,AT-002,SEC-003,15.437,2017-07-16,OPERATIONAL,2026-07-06
AST-492,AT-004,SEC-006,24.945,2022-02-21,OPERATIONAL,2026-05-05
AST-494,AT-002,SEC-003,11.487,2022-05-31,OPERATIONAL,2026-06-14
AST-495,AT-002,SEC-006,20.556,2014-02-15,OPERATIONAL,2026-06-15
AST-497,AT-002,SEC-005,22.395,2019-05-30,OPERATIONAL,2026-06-16
AST-498,AT-003,SEC-003,11.008,2016-10-31,OPERATIONAL,2026-05-04
AST-501,AT-002,SEC-006,20.813,2019-08-29,OPERATIONAL,2026-07-23
AST-503,AT-003,SEC-002,3.039,2019-10-30,OPERATIONAL,2026-06-08
AST-508,AT-001,SEC-006,19.937,2022-07-06,OPERATIONAL,2026-07-30
AST-510,AT-004,SEC-003,8.695,2015-06-07,OPERATIONAL,2026-06-13
AST-512,AT-004,SEC-001,0.134,2014-06-26,OPERATIONAL,2026-07-08
AST-513,AT-003,SEC-001,4.018,2014-10-04,OPERATIONAL,2026-06-22
AST-515,AT-002,SEC-005,24.238,2018-08-11,OPERATIONAL,2026-06-18
AST-516,AT-004,SEC-001,2.984,2018-01-11,OPERATIONAL,2026-07-14
AST-525,AT-003,SEC-001,7.692,2016-01-01,OPERATIONAL,2026-06-27
AST-526,AT-004,SEC-001,2.394,2016-04-05,OPERATIONAL,2026-06-24
AST-527,AT-004,SEC-006,27.569,2018-11-12,OPERATIONAL,2026-05-10
AST-528,AT-002,SEC-006,26.017,2016-12-19,OPERATIONAL,2026-07-17
AST-531,AT-003,SEC-001,5.073,2013-10-18,OPERATIONAL,2026-06-12
AST-535,AT-002,SEC-006,23.007,2018-07-16,OPERATIONAL,2026-05-04
AST-536,AT-001,SEC-003,13.114,2014-01-17,OPERATIONAL,2026-07-27
AST-537,AT-002,SEC-001,1.499,2017-07-20,OPERATIONAL,2026-05-21
AST-539,AT-001,SEC-005,24.882,2018-12-12,OPERATIONAL,2026-05-22
AST-541,AT-002,SEC-005,24.19,2014-11-24,OPERATIONAL,2026-07-18
AST-542,AT-002,SEC-003,11.463,2017-01-20,OPERATIONAL,2026-06-23
AST-543,AT-002,SEC-004,11.174,2019-03-23,OPERATIONAL,2026-06-25
AST-546,AT-003,SEC-001,7.591,2018-11-10,OPERATIONAL,2026-06-20
AST-549,AT-002,SEC-004,11.613,2018-02-12,OPERATIONAL,2026-06-08
AST-553,AT-002,SEC-006,26.409,2022-04-13,OPERATIONAL,2026-06-20
AST-555,AT-001,SEC-004,15.739,2021-01-08,OPERATIONAL,2026-07-21
AST-563,AT-004,SEC-001,0.084,2019-09-07,OPERATIONAL,2026-07-23
AST-564,AT-002,SEC-004,12.302,2017-05-23,OPERATIONAL,2026-06-28
AST-567,AT-002,SEC-003,11.587,2017-06-23,OPERATIONAL,2026-07-17
AST-571,AT-002,SEC-006,21.695,2020-08-17,OPERATIONAL,2026-06-05
AST-573,AT-004,SEC-006,21.16,2015-05-27,OPERATIONAL,2026-05-18
AST-576,AT-001,SEC-005,20.416,2016-07-24,OPERATIONAL,2026-07-14
AST-577,AT-003,SEC-002,3.66,2019-08-23,OPERATIONAL,2026-07-06
AST-580,AT-004,SEC-005,21.053,2015-01-11,OPERATIONAL,2026-06-14
AST-582,AT-001,SEC-002,2.443,2020-07-13,OPERATIONAL,2026-05-29
AST-583,AT-002,SEC-005,22.996,2015-11-24,OPERATIONAL,2026-05-21
AST-584,AT-004,SEC-004,10.136,2015-06-16,OPERATIONAL,2026-05-27
AST-586,AT-003,SEC-004,15.123,2018-07-23,OPERATIONAL,2026-07-03
AST-590,AT-002,SEC-003,8.376,2020-01-24,OPERATIONAL,2026-07-13
AST-593,AT-003,SEC-005,26.903,2022-02-12,OPERATIONAL,2026-06-02
AST-595,AT-002,SEC-003,18.06,2022-03-22,OPERATIONAL,2026-05-17
AST-599,AT-002,SEC-002,6.444,2016-03-10,OPERATIONAL,2026-05-03
AST-600,AT-003,SEC-005,24.349,2018-12-15,OPERATIONAL,2026-07-15
AST-607,AT-001,SEC-004,13.93,2019-06-19,OPERATIONAL,2026-07-06
AST-611,AT-004,SEC-002,3.958,2018-12-18,OPERATIONAL,2026-05-24
AST-614,AT-001,SEC-006,26.555,2017-06-06,OPERATIONAL,2026-06-08
AST-615,AT-002,SEC-004,13.25,2017-10-14,OPERATIONAL,2026-06-18
AST-616,AT-002,SEC-006,22.217,2019-07-06,OPERATIONAL,2026-05-20
AST-617,AT-003,SEC-003,8.948,2015-02-18,OPERATIONAL,2026-07-10
AST-620,AT-002,SEC-004,8.896,2015-12-05,OPERATIONAL,2026-07-27
AST-621,AT-004,SEC-001,0.065,2018-09-24,OPERATIONAL,2026-05-26
AST-623,AT-004,SEC-001,5.846,2021-06-08,OPERATIONAL,2026-06-13
AST-624,AT-003,SEC-003,9.577,2013-11-28,OPERATIONAL,2026-06-08
AST-626,AT-001,SEC-005,25.35,2017-08-25,OPERATIONAL,2026-05-20
AST-627,AT-002,SEC-006,26.234,2017-12-19,OPERATIONAL,2026-05-18
AST-629,AT-001,SEC-005,26.07,2018-08-23,OPERATIONAL,2026-07-09
AST-631,AT-003,SEC-006,19.741,2015-03-15,OPERATIONAL,2026-05-05
AST-639,AT-002,SEC-001,7.381,2013-09-25,OPERATIONAL,2026-05-19
AST-640,AT-003,SEC-006,25.914,2013-12-24,OPERATIONAL,2026-06-21
AST-646,AT-001,SEC-003,15.66,2015-03-16,OPERATIONAL,2026-06-11
AST-648,AT-004,SEC-003,14.015,2013-10-20,OPERATIONAL,2026-05-27
AST-652,AT-001,SEC-004,13.235,2018-07-18,OPERATIONAL,2026-06-01
AST-653,AT-002,SEC-003,9.809,2013-11-29,OPERATIONAL,2026-05-22
AST-654,AT-001,SEC-002,5.926,2022-07-22,OPERATIONAL,2026-05-23
AST-655,AT-001,SEC-002,0.368,2018-07-03,OPERATIONAL,2026-05-18
AST-656,AT-002,SEC-002,7.449,2022-03-10,OPERATIONAL,2026-06-26
AST-659,AT-001,SEC-002,1.785,2016-10-19,OPERATIONAL,2026-05-23
AST-662,AT-002,SEC-003,14.484,2019-03-06,OPERATIONAL,2026-06-22
AST-666,AT-003,SEC-006,27.056,2022-06-23,OPERATIONAL,2026-06-06
AST-670,AT-002,SEC-005,23.218,2018-05-29,OPERATIONAL,2026-06-04
AST-675,AT-003,SEC-002,0.597,2020-04-23,OPERATIONAL,2026-05-23
AST-676,AT-001,SEC-002,0.845,2017-07-17,OPERATIONAL,2026-07-09
AST-678,AT-003,SEC-004,11.048,2021-03-28,OPERATIONAL,2026-05-25
AST-679,AT-003,SEC-006,25.772,2022-02-17,OPERATIONAL,2026-06-02
AST-680,AT-003,SEC-002,0.73,2019-10-20,OPERATIONAL,2026-07-30
AST-682,AT-002,SEC-001,7.617,2017-07-06,OPERATIONAL,2026-07-20
AST-687,AT-001,SEC-002,7.22,2017-08-11,OPERATIONAL,2026-05-15
AST-689,AT-004,SEC-006,23.055,2022-04-03,OPERATIONAL,2026-06-13
AST-690,AT-004,SEC-002,2.832,2020-06-26,OPERATIONAL,2026-07-03
AST-691,AT-004,SEC-002,0.277,2015-08-22,OPERATIONAL,2026-06-27
AST-694,AT-002,SEC-006,28.447,2016-06-27,OPERATIONAL,2026-06-23
AST-697,AT-001,SEC-003,14.867,2022-04-03,OPERATIONAL,2026-05-15
AST-700,AT-002,SEC-003,14.137,2013-09-17,OPERATIONAL,2026-07-18
AST-702,AT-002,SEC-002,1.892,2019-01-07,OPERATIONAL,2026-05-21
AST-707,AT-004,SEC-001,2.654,2015-09-12,OPERATIONAL,2026-05-11
AST-708,AT-002,SEC-003,16.245,2018-12-15,OPERATIONAL,2026-06-27
AST-709,AT-002,SEC-005,25.842,2020-12-29,OPERATIONAL,2026-05-21
AST-711,AT-004,SEC-005,20.409,2019-03-14,OPERATIONAL,2026-05-23
AST-712,AT-002,SEC-006,28.038,2013-09-14,OPERATIONAL,2026-06-11
AST-716,AT-002,SEC-006,19.516,2014-09-17,OPERATIONAL,2026-05-16
AST-718,AT-002,SEC-006,24.59,2017-01-07,OPERATIONAL,2026-07-21
AST-719,AT-001,SEC-002,2.774,2019-01-01,OPERATIONAL,2026-07-18
AST-720,AT-001,SEC-006,25.53,2014-05-28,OPERATIONAL,2026-05-08
AST-723,AT-004,SEC-004,16.425,2020-09-19,OPERATIONAL,2026-07-03
AST-725,AT-004,SEC-005,25.359,2014-11-17,OPERATIONAL,2026-07-15
AST-726,AT-004,SEC-001,6.394,2022-03-18,OPERATIONAL,2026-07-31
AST-727,AT-003,SEC-003,18.944,2021-10-02,OPERATIONAL,2026-07-19
AST-728,AT-004,SEC-002,5.856,2016-06-13,OPERATIONAL,2026-05-31
AST-731,AT-004,SEC-002,0.428,2018-11-14,OPERATIONAL,2026-06-04
AST-732,AT-002,SEC-004,16.018,2014-06-27,OPERATIONAL,2026-05-29
AST-734,AT-001,SEC-004,14.575,2017-01-29,OPERATIONAL,2026-07-23
AST-735,AT-003,SEC-001,3.421,2019-04-13,OPERATIONAL,2026-06-04
AST-737,AT-002,SEC-006,22.126,2021-08-31,OPERATIONAL,2026-05-31
AST-740,AT-004,SEC-003,10.146,2022-01-31,OPERATIONAL,2026-07-29
AST-741,AT-004,SEC-003,10.602,2019-07-28,OPERATIONAL,2026-06-12
AST-744,AT-001,SEC-004,17.412,2017-11-21,OPERATIONAL,2026-07-03
AST-747,AT-002,SEC-001,7.594,2017-07-19,OPERATIONAL,2026-06-21
AST-748,AT-002,SEC-002,6.468,2021-03-03,OPERATIONAL,2026-07-19
AST-749,AT-001,SEC-006,23.419,2015-07-20,OPERATIONAL,2026-06-26
AST-750,AT-003,SEC-003,18.474,2021-10-31,OPERATIONAL,2026-07-03
AST-001,AT-005,SEC-006,21.975,2020-01-30,OPERATIONAL,2026-07-19
AST-005,AT-008,SEC-002,3.594,2019-06-19,OPERATIONAL,2026-07-27
AST-009,AT-009,SEC-001,7.785,2018-05-04,OPERATIONAL,2026-07-25
AST-011,AT-005,SEC-001,5.29,2013-11-30,OPERATIONAL,2026-07-29
AST-014,AT-005,SEC-005,25.215,2016-08-05,OPERATIONAL,2026-07-22
AST-015,AT-006,SEC-004,12.364,2015-05-29,OPERATIONAL,2026-07-13
AST-016,AT-006,SEC-006,22.419,2013-12-19,OPERATIONAL,2026-07-06
AST-020,AT-007,SEC-002,1.973,2016-04-15,OPERATIONAL,2026-07-20
AST-021,AT-009,SEC-004,18.325,2018-02-08,OPERATIONAL,2026-07-28
AST-024,AT-009,SEC-001,3.078,2015-11-26,OPERATIONAL,2026-07-17
AST-026,AT-005,SEC-006,27.463,2014-03-01,OPERATIONAL,2026-07-19
AST-028,AT-007,SEC-005,26.358,2016-11-21,OPERATIONAL,2026-07-22
AST-030,AT-006,SEC-002,2.991,2020-10-09,OPERATIONAL,2026-07-28
AST-031,AT-009,SEC-001,4.792,2017-02-07,OPERATIONAL,2026-07-28
AST-036,AT-006,SEC-005,26.297,2014-11-06,OPERATIONAL,2026-07-29
AST-040,AT-005,SEC-002,0.539,2022-03-26,OPERATIONAL,2026-07-14
AST-042,AT-009,SEC-002,5.787,2016-03-07,OPERATIONAL,2026-07-14
AST-043,AT-006,SEC-004,17.286,2020-06-13,OPERATIONAL,2026-07-15
AST-049,AT-009,SEC-001,0.405,2016-07-09,OPERATIONAL,2026-07-21
AST-051,AT-008,SEC-001,1.317,2022-07-24,OPERATIONAL,2026-07-14
AST-055,AT-005,SEC-006,22.322,2022-01-08,OPERATIONAL,2026-07-31
AST-056,AT-009,SEC-005,20.917,2016-11-20,OPERATIONAL,2026-07-18
AST-060,AT-009,SEC-003,18.749,2020-04-17,OPERATIONAL,2026-07-12
AST-061,AT-007,SEC-002,2.125,2021-02-11,OPERATIONAL,2026-07-21
AST-062,AT-007,SEC-004,11.636,2014-02-25,OPERATIONAL,2026-07-30
AST-071,AT-007,SEC-005,23.897,2022-01-05,OPERATIONAL,2026-07-16
AST-074,AT-008,SEC-005,19.587,2021-09-27,OPERATIONAL,2026-07-15
AST-076,AT-006,SEC-004,9.466,2019-02-16,OPERATIONAL,2026-07-03
AST-078,AT-007,SEC-005,27.457,2018-01-10,OPERATIONAL,2026-07-28
AST-093,AT-007,SEC-005,22.284,2018-01-02,OPERATIONAL,2026-07-24
AST-095,AT-008,SEC-006,26.233,2020-08-19,OPERATIONAL,2026-07-16
AST-096,AT-007,SEC-004,14.301,2022-07-31,OPERATIONAL,2026-07-15
AST-098,AT-008,SEC-004,13.085,2020-03-09,OPERATIONAL,2026-07-23
AST-099,AT-006,SEC-006,20.263,2016-10-20,OPERATIONAL,2026-07-24
AST-100,AT-009,SEC-003,9.074,2014-02-28,OPERATIONAL,2026-07-22
AST-104,AT-008,SEC-004,10.806,2015-03-24,OPERATIONAL,2026-07-25
AST-105,AT-005,SEC-004,10.517,2014-10-12,OPERATIONAL,2026-07-10
AST-106,AT-005,SEC-005,21.743,2021-03-22,OPERATIONAL,2026-07-09
AST-107,AT-008,SEC-006,24.28,2016-04-25,OPERATIONAL,2026-07-06
AST-108,AT-008,SEC-005,26.835,2016-12-03,OPERATIONAL,2026-07-22
AST-109,AT-009,SEC-004,18.318,2014-03-30,OPERATIONAL,2026-07-07
AST-114,AT-006,SEC-001,3.319,2018-11-15,OPERATIONAL,2026-07-14
AST-115,AT-008,SEC-001,1.655,2017-11-15,OPERATIONAL,2026-07-26
AST-118,AT-009,SEC-005,27.58,2017-02-09,OPERATIONAL,2026-07-14
AST-120,AT-008,SEC-006,20.985,2017-05-05,OPERATIONAL,2026-07-02
AST-122,AT-005,SEC-001,5.142,2021-01-23,OPERATIONAL,2026-07-22
AST-129,AT-005,SEC-005,28.03,2017-05-15,OPERATIONAL,2026-07-15
AST-130,AT-007,SEC-002,4.847,2014-03-13,OPERATIONAL,2026-07-21
AST-131,AT-006,SEC-003,9.243,2022-04-18,OPERATIONAL,2026-07-20
AST-136,AT-005,SEC-005,25.328,2022-06-11,OPERATIONAL,2026-07-25
AST-138,AT-008,SEC-006,20.877,2020-08-10,OPERATIONAL,2026-07-29
AST-139,AT-007,SEC-005,26.774,2016-07-19,OPERATIONAL,2026-07-30
AST-145,AT-007,SEC-005,19.591,2020-06-10,OPERATIONAL,2026-07-26
AST-147,AT-008,SEC-004,17.119,2021-07-16,OPERATIONAL,2026-07-11
AST-149,AT-008,SEC-005,24.278,2017-10-24,OPERATIONAL,2026-07-19
AST-157,AT-008,SEC-004,13.065,2020-07-07,OPERATIONAL,2026-07-07
AST-159,AT-005,SEC-005,25.165,2021-12-25,OPERATIONAL,2026-07-04
AST-161,AT-008,SEC-005,24.865,2015-08-25,OPERATIONAL,2026-07-20
AST-164,AT-005,SEC-002,5.004,2019-08-14,OPERATIONAL,2026-07-14
AST-165,AT-006,SEC-002,1.391,2021-09-28,OPERATIONAL,2026-07-28
AST-170,AT-009,SEC-002,5.181,2019-08-09,OPERATIONAL,2026-07-13
AST-172,AT-009,SEC-003,13.05,2017-04-30,OPERATIONAL,2026-07-31
AST-173,AT-008,SEC-003,13.755,2017-01-17,OPERATIONAL,2026-07-09
AST-174,AT-009,SEC-001,7.115,2014-05-07,OPERATIONAL,2026-07-14
AST-177,AT-007,SEC-005,19.862,2014-02-07,OPERATIONAL,2026-07-23
AST-179,AT-008,SEC-001,3.76,2018-01-02,OPERATIONAL,2026-07-10
AST-181,AT-008,SEC-005,19.83,2021-08-06,OPERATIONAL,2026-07-27
AST-184,AT-005,SEC-002,4.148,2015-08-08,OPERATIONAL,2026-07-12
AST-187,AT-005,SEC-006,24.98,2019-11-25,OPERATIONAL,2026-07-19
AST-188,AT-007,SEC-005,19.623,2018-01-03,OPERATIONAL,2026-07-07
AST-194,AT-005,SEC-003,16.35,2016-01-01,OPERATIONAL,2026-07-26
AST-195,AT-008,SEC-002,3.572,2017-02-25,OPERATIONAL,2026-07-09
AST-198,AT-007,SEC-006,23.757,2018-04-23,OPERATIONAL,2026-07-31
AST-200,AT-009,SEC-003,18.002,2017-08-24,OPERATIONAL,2026-07-12
AST-205,AT-008,SEC-005,19.823,2021-10-25,OPERATIONAL,2026-07-12
AST-208,AT-007,SEC-001,0.368,2013-08-27,OPERATIONAL,2026-07-05
AST-210,AT-009,SEC-006,26.633,2020-09-04,OPERATIONAL,2026-07-20
AST-213,AT-005,SEC-004,18.364,2014-12-26,OPERATIONAL,2026-07-08
AST-214,AT-005,SEC-004,18.87,2015-12-30,OPERATIONAL,2026-07-25
AST-217,AT-009,SEC-003,19.416,2019-04-10,OPERATIONAL,2026-07-10
AST-221,AT-009,SEC-003,15.794,2014-07-02,OPERATIONAL,2026-07-02
AST-223,AT-007,SEC-004,8.384,2018-06-29,OPERATIONAL,2026-07-28
AST-224,AT-005,SEC-003,11.757,2017-12-04,OPERATIONAL,2026-07-21
AST-226,AT-007,SEC-002,2.056,2017-03-07,OPERATIONAL,2026-07-05
AST-228,AT-005,SEC-002,6.033,2020-01-20,OPERATIONAL,2026-07-30
AST-231,AT-007,SEC-005,22.929,2015-06-04,OPERATIONAL,2026-07-22
AST-233,AT-009,SEC-003,18.525,2020-02-07,OPERATIONAL,2026-07-17
AST-234,AT-008,SEC-006,22.22,2018-01-02,OPERATIONAL,2026-07-07
AST-239,AT-007,SEC-001,5.522,2020-02-24,OPERATIONAL,2026-07-10
AST-240,AT-006,SEC-003,9.143,2014-11-23,OPERATIONAL,2026-07-12
AST-243,AT-009,SEC-001,0.405,2018-11-04,OPERATIONAL,2026-07-22
AST-245,AT-009,SEC-002,6.504,2019-12-21,OPERATIONAL,2026-07-02
AST-248,AT-005,SEC-002,0.119,2013-09-22,OPERATIONAL,2026-07-23
AST-251,AT-007,SEC-005,24.843,2017-07-07,OPERATIONAL,2026-07-04
AST-252,AT-009,SEC-001,5.818,2015-03-13,OPERATIONAL,2026-07-16
AST-253,AT-008,SEC-006,28.176,2021-11-25,OPERATIONAL,2026-07-17
AST-255,AT-008,SEC-001,7.194,2018-12-21,OPERATIONAL,2026-07-07
AST-256,AT-005,SEC-002,2.2,2015-06-26,OPERATIONAL,2026-07-25
AST-257,AT-007,SEC-004,19.438,2016-08-19,OPERATIONAL,2026-07-14
AST-260,AT-006,SEC-004,11.898,2017-07-01,OPERATIONAL,2026-07-08
AST-264,AT-006,SEC-005,20.04,2016-04-14,OPERATIONAL,2026-07-06
AST-265,AT-005,SEC-004,12.066,2015-02-14,OPERATIONAL,2026-07-10
AST-267,AT-007,SEC-001,4.623,2020-03-13,OPERATIONAL,2026-07-04
AST-271,AT-009,SEC-001,4.872,2015-03-17,OPERATIONAL,2026-07-19
AST-274,AT-008,SEC-001,1.135,2015-06-26,OPERATIONAL,2026-07-29
AST-276,AT-007,SEC-002,2.96,2014-06-29,OPERATIONAL,2026-07-28
AST-278,AT-005,SEC-003,13.096,2017-10-30,OPERATIONAL,2026-07-11
AST-279,AT-008,SEC-004,11.141,2014-02-12,OPERATIONAL,2026-07-18
AST-280,AT-007,SEC-004,9.275,2014-12-24,OPERATIONAL,2026-07-08
AST-281,AT-008,SEC-005,25.504,2022-01-27,OPERATIONAL,2026-07-17
AST-285,AT-009,SEC-005,27.0,2018-08-12,OPERATIONAL,2026-07-07
AST-288,AT-007,SEC-001,3.24,2018-12-10,OPERATIONAL,2026-07-25
AST-290,AT-005,SEC-002,3.485,2018-02-03,OPERATIONAL,2026-07-08
AST-291,AT-008,SEC-003,16.577,2020-02-06,OPERATIONAL,2026-07-03
AST-293,AT-006,SEC-003,12.038,2015-05-07,OPERATIONAL,2026-07-10
AST-296,AT-008,SEC-005,26.339,2017-07-20,OPERATIONAL,2026-07-19
AST-297,AT-009,SEC-006,25.218,2015-07-31,OPERATIONAL,2026-07-21
AST-299,AT-007,SEC-003,14.801,2018-08-21,OPERATIONAL,2026-07-11
AST-300,AT-007,SEC-004,13.197,2021-12-11,OPERATIONAL,2026-07-18
AST-302,AT-009,SEC-004,13.321,2016-05-14,OPERATIONAL,2026-07-15
AST-304,AT-007,SEC-005,23.781,2020-11-22,OPERATIONAL,2026-07-09
AST-312,AT-007,SEC-003,19.129,2014-10-02,OPERATIONAL,2026-07-21
AST-313,AT-006,SEC-005,25.88,2021-08-19,OPERATIONAL,2026-07-12
AST-315,AT-009,SEC-001,5.168,2017-11-01,OPERATIONAL,2026-07-17
AST-316,AT-005,SEC-003,11.552,2020-03-07,OPERATIONAL,2026-07-19
AST-320,AT-009,SEC-004,9.774,2020-07-22,OPERATIONAL,2026-07-03
AST-322,AT-005,SEC-004,12.189,2014-07-07,OPERATIONAL,2026-07-13
AST-325,AT-006,SEC-003,15.801,2016-03-09,OPERATIONAL,2026-07-29
AST-327,AT-006,SEC-002,6.41,2021-01-12,OPERATIONAL,2026-07-28
AST-329,AT-005,SEC-006,27.113,2021-03-09,OPERATIONAL,2026-07-17
AST-333,AT-006,SEC-004,19.437,2018-05-19,OPERATIONAL,2026-07-07
AST-336,AT-006,SEC-006,23.722,2015-09-07,OPERATIONAL,2026-07-11
AST-338,AT-009,SEC-005,23.309,2013-11-17,OPERATIONAL,2026-07-03
AST-340,AT-009,SEC-004,8.722,2016-12-23,OPERATIONAL,2026-07-18
AST-341,AT-005,SEC-006,24.138,2019-11-15,OPERATIONAL,2026-07-11
AST-342,AT-007,SEC-004,8.018,2018-08-17,OPERATIONAL,2026-07-16
AST-344,AT-007,SEC-001,7.627,2016-06-25,OPERATIONAL,2026-07-09
AST-345,AT-009,SEC-005,19.683,2017-04-24,OPERATIONAL,2026-07-05
AST-348,AT-009,SEC-006,26.31,2021-02-01,OPERATIONAL,2026-07-13
AST-350,AT-008,SEC-006,21.141,2021-01-26,OPERATIONAL,2026-07-05
AST-356,AT-008,SEC-003,19.198,2017-01-07,OPERATIONAL,2026-07-29
AST-357,AT-007,SEC-005,21.9,2021-08-28,OPERATIONAL,2026-07-10
AST-358,AT-005,SEC-004,14.928,2020-07-23,OPERATIONAL,2026-07-19
AST-359,AT-007,SEC-001,0.641,2015-03-04,OPERATIONAL,2026-07-24
AST-361,AT-007,SEC-004,8.487,2018-08-18,OPERATIONAL,2026-07-05
AST-362,AT-008,SEC-003,15.354,2013-09-16,OPERATIONAL,2026-07-14
AST-364,AT-006,SEC-001,1.142,2015-10-09,OPERATIONAL,2026-07-04
AST-365,AT-008,SEC-001,1.01,2019-12-09,OPERATIONAL,2026-07-02
AST-370,AT-008,SEC-005,22.983,2016-04-14,OPERATIONAL,2026-07-30
AST-373,AT-008,SEC-001,6.484,2018-12-31,OPERATIONAL,2026-07-03
AST-374,AT-005,SEC-005,24.38,2019-03-22,OPERATIONAL,2026-07-31
AST-378,AT-008,SEC-005,20.668,2021-08-13,OPERATIONAL,2026-07-27
AST-380,AT-008,SEC-005,20.164,2019-01-11,OPERATIONAL,2026-07-21
AST-381,AT-008,SEC-004,15.821,2018-09-20,OPERATIONAL,2026-07-09
AST-387,AT-009,SEC-006,21.018,2016-01-27,OPERATIONAL,2026-07-13
AST-390,AT-005,SEC-004,18.223,2016-06-19,OPERATIONAL,2026-07-19
AST-392,AT-008,SEC-001,5.509,2020-10-23,OPERATIONAL,2026-07-21
AST-393,AT-008,SEC-004,10.346,2015-10-13,OPERATIONAL,2026-07-19
AST-398,AT-006,SEC-003,18.738,2014-07-01,OPERATIONAL,2026-07-10
AST-400,AT-007,SEC-004,8.267,2018-03-05,OPERATIONAL,2026-07-11
AST-401,AT-006,SEC-002,4.667,2022-01-14,OPERATIONAL,2026-07-11
AST-403,AT-007,SEC-005,19.574,2021-05-18,OPERATIONAL,2026-07-16
AST-404,AT-007,SEC-006,22.792,2018-01-23,OPERATIONAL,2026-07-16
AST-409,AT-007,SEC-002,1.592,2016-11-15,OPERATIONAL,2026-07-15
AST-410,AT-005,SEC-001,0.311,2014-08-01,OPERATIONAL,2026-07-24
AST-414,AT-009,SEC-003,13.461,2022-05-25,OPERATIONAL,2026-07-17
AST-417,AT-009,SEC-005,21.548,2022-01-03,OPERATIONAL,2026-07-13
AST-418,AT-006,SEC-005,25.161,2015-08-20,OPERATIONAL,2026-07-17
AST-421,AT-008,SEC-006,21.335,2016-12-15,OPERATIONAL,2026-07-23
AST-424,AT-008,SEC-003,19.002,2017-06-06,OPERATIONAL,2026-07-18
AST-427,AT-006,SEC-002,2.232,2019-03-28,OPERATIONAL,2026-07-20
AST-429,AT-007,SEC-004,12.011,2013-08-31,OPERATIONAL,2026-07-08
AST-430,AT-007,SEC-001,4.588,2016-06-29,OPERATIONAL,2026-07-19
AST-433,AT-008,SEC-002,1.617,2016-07-17,OPERATIONAL,2026-07-25
AST-435,AT-006,SEC-001,5.359,2016-08-17,OPERATIONAL,2026-07-02
AST-437,AT-005,SEC-006,26.437,2022-07-11,OPERATIONAL,2026-07-30
AST-439,AT-006,SEC-003,11.693,2015-05-05,OPERATIONAL,2026-07-14
AST-441,AT-005,SEC-002,3.343,2020-08-11,OPERATIONAL,2026-07-19
AST-445,AT-008,SEC-002,6.808,2017-05-02,OPERATIONAL,2026-07-21
AST-447,AT-006,SEC-001,5.893,2013-09-19,OPERATIONAL,2026-07-18
AST-450,AT-005,SEC-002,7.853,2017-03-25,OPERATIONAL,2026-07-27
AST-452,AT-007,SEC-003,11.472,2014-06-24,OPERATIONAL,2026-07-09
AST-453,AT-007,SEC-006,22.736,2019-12-08,OPERATIONAL,2026-07-03
AST-455,AT-007,SEC-006,20.557,2019-04-11,OPERATIONAL,2026-07-02
AST-462,AT-006,SEC-006,24.748,2021-07-25,OPERATIONAL,2026-07-24
AST-464,AT-009,SEC-001,4.47,2015-01-15,OPERATIONAL,2026-07-13
AST-466,AT-009,SEC-001,0.362,2018-09-20,OPERATIONAL,2026-07-07
AST-467,AT-009,SEC-001,7.477,2021-10-23,OPERATIONAL,2026-07-24
AST-474,AT-009,SEC-004,14.117,2020-01-04,OPERATIONAL,2026-07-04
AST-478,AT-008,SEC-005,25.548,2022-01-14,OPERATIONAL,2026-07-30
AST-483,AT-008,SEC-003,11.164,2016-05-04,OPERATIONAL,2026-07-08
AST-485,AT-005,SEC-003,18.828,2015-01-21,OPERATIONAL,2026-07-05
AST-489,AT-008,SEC-005,24.27,2018-03-25,OPERATIONAL,2026-07-24
AST-496,AT-006,SEC-006,24.94,2020-04-16,OPERATIONAL,2026-07-08
AST-500,AT-007,SEC-002,2.966,2017-12-10,OPERATIONAL,2026-07-07
AST-502,AT-009,SEC-005,25.98,2019-04-10,OPERATIONAL,2026-07-05
AST-504,AT-007,SEC-003,16.779,2017-02-07,OPERATIONAL,2026-07-26
AST-506,AT-007,SEC-002,1.12,2016-06-15,OPERATIONAL,2026-07-18
AST-507,AT-009,SEC-006,28.115,2016-09-15,OPERATIONAL,2026-07-20
AST-509,AT-006,SEC-001,5.657,2022-06-25,OPERATIONAL,2026-07-14
AST-511,AT-009,SEC-004,15.582,2022-05-29,OPERATIONAL,2026-07-08
AST-514,AT-006,SEC-001,7.344,2016-09-14,OPERATIONAL,2026-07-29
AST-517,AT-006,SEC-006,21.533,2014-11-30,OPERATIONAL,2026-07-30
AST-520,AT-005,SEC-006,21.042,2016-12-23,OPERATIONAL,2026-07-24
AST-524,AT-007,SEC-005,24.572,2022-03-20,OPERATIONAL,2026-07-23
AST-529,AT-007,SEC-001,0.781,2019-12-25,OPERATIONAL,2026-07-27
AST-533,AT-009,SEC-006,22.921,2013-12-04,OPERATIONAL,2026-07-10
AST-534,AT-006,SEC-006,20.162,2019-07-31,OPERATIONAL,2026-07-13
AST-538,AT-009,SEC-004,9.188,2021-07-30,OPERATIONAL,2026-07-29
AST-544,AT-005,SEC-003,10.895,2019-10-26,OPERATIONAL,2026-07-14
AST-545,AT-008,SEC-005,25.05,2017-06-13,OPERATIONAL,2026-07-29
AST-556,AT-006,SEC-003,15.575,2014-07-25,OPERATIONAL,2026-07-07
AST-557,AT-008,SEC-001,3.593,2015-11-17,OPERATIONAL,2026-07-25
AST-558,AT-008,SEC-005,24.06,2014-10-29,OPERATIONAL,2026-07-23
AST-559,AT-005,SEC-003,16.069,2016-07-24,OPERATIONAL,2026-07-27
AST-560,AT-005,SEC-001,6.152,2015-03-18,OPERATIONAL,2026-07-30
AST-561,AT-006,SEC-006,25.014,2016-04-08,OPERATIONAL,2026-07-07
AST-569,AT-008,SEC-003,8.773,2022-01-30,OPERATIONAL,2026-07-22
AST-572,AT-007,SEC-005,23.337,2017-05-27,OPERATIONAL,2026-07-19
AST-574,AT-008,SEC-001,5.899,2020-05-15,OPERATIONAL,2026-07-23
AST-575,AT-008,SEC-004,8.051,2020-03-05,OPERATIONAL,2026-07-09
AST-578,AT-008,SEC-005,28.193,2019-01-26,OPERATIONAL,2026-07-17
AST-579,AT-009,SEC-004,14.751,2018-09-06,OPERATIONAL,2026-07-15
AST-581,AT-007,SEC-005,24.812,2015-01-18,OPERATIONAL,2026-07-11
AST-585,AT-006,SEC-005,21.002,2019-05-06,OPERATIONAL,2026-07-22
AST-589,AT-008,SEC-004,9.923,2016-03-30,OPERATIONAL,2026-07-25
AST-591,AT-006,SEC-004,14.505,2013-12-02,OPERATIONAL,2026-07-03
AST-596,AT-007,SEC-001,3.513,2021-04-08,OPERATIONAL,2026-07-28
AST-598,AT-009,SEC-006,23.354,2015-09-04,OPERATIONAL,2026-07-13
AST-604,AT-006,SEC-002,1.17,2018-12-21,OPERATIONAL,2026-07-10
AST-606,AT-007,SEC-006,23.228,2017-07-07,OPERATIONAL,2026-07-31
AST-608,AT-007,SEC-004,18.928,2018-11-30,OPERATIONAL,2026-07-11
AST-609,AT-005,SEC-006,28.249,2015-06-19,OPERATIONAL,2026-07-14
AST-610,AT-007,SEC-001,6.365,2018-02-14,OPERATIONAL,2026-07-24
AST-619,AT-006,SEC-004,15.538,2014-09-10,OPERATIONAL,2026-07-16
AST-628,AT-008,SEC-002,0.694,2021-06-16,OPERATIONAL,2026-07-09
AST-633,AT-007,SEC-006,19.991,2013-09-06,OPERATIONAL,2026-07-20
AST-635,AT-005,SEC-005,27.499,2022-06-13,OPERATIONAL,2026-07-26
AST-637,AT-009,SEC-006,21.055,2017-04-20,OPERATIONAL,2026-07-21
AST-641,AT-008,SEC-001,5.124,2016-07-21,OPERATIONAL,2026-07-28
AST-642,AT-007,SEC-001,2.479,2016-11-06,OPERATIONAL,2026-07-21
AST-644,AT-005,SEC-003,16.035,2014-05-26,OPERATIONAL,2026-07-16
AST-647,AT-005,SEC-001,5.663,2014-09-19,OPERATIONAL,2026-07-25
AST-657,AT-008,SEC-002,2.574,2017-12-01,OPERATIONAL,2026-07-08
AST-663,AT-006,SEC-004,12.235,2017-01-19,OPERATIONAL,2026-07-16
AST-668,AT-005,SEC-002,4.239,2019-11-30,OPERATIONAL,2026-07-10
AST-669,AT-005,SEC-002,5.693,2021-07-16,OPERATIONAL,2026-07-21
AST-671,AT-005,SEC-005,20.36,2021-02-01,OPERATIONAL,2026-07-06
AST-672,AT-008,SEC-001,4.735,2021-11-19,OPERATIONAL,2026-07-04
AST-673,AT-006,SEC-002,2.333,2019-01-19,OPERATIONAL,2026-07-09
AST-677,AT-008,SEC-001,4.287,2013-12-11,OPERATIONAL,2026-07-10
AST-683,AT-009,SEC-002,0.758,2021-06-10,OPERATIONAL,2026-07-28
AST-686,AT-005,SEC-005,24.775,2021-09-28,OPERATIONAL,2026-07-14
AST-692,AT-007,SEC-004,12.738,2016-05-29,OPERATIONAL,2026-07-28
AST-693,AT-005,SEC-003,12.405,2017-11-18,OPERATIONAL,2026-07-27
AST-699,AT-009,SEC-002,7.792,2021-06-17,OPERATIONAL,2026-07-24
AST-704,AT-007,SEC-005,24.572,2016-04-08,OPERATIONAL,2026-07-26
AST-706,AT-005,SEC-001,1.861,2020-02-17,OPERATIONAL,2026-07-11
AST-713,AT-008,SEC-006,22.356,2014-08-27,OPERATIONAL,2026-07-10
AST-715,AT-006,SEC-004,11.528,2014-11-11,OPERATIONAL,2026-07-26
AST-722,AT-007,SEC-003,17.051,2014-07-04,OPERATIONAL,2026-07-10
AST-738,AT-005,SEC-003,17.026,2017-04-21,OPERATIONAL,2026-07-25
AST-739,AT-007,SEC-001,5.135,2018-03-28,OPERATIONAL,2026-07-08
AST-742,AT-006,SEC-006,25.507,2021-08-15,OPERATIONAL,2026-07-12
AST-743,AT-009,SEC-004,19.163,2015-12-21,OPERATIONAL,2026-07-08
AST-746,AT-005,SEC-004,18.382,2014-07-29,OPERATIONAL,2026-07-12
AST-006,AT-010,SEC-002,5.585,2018-10-08,OPERATIONAL,2026-07-23
AST-017,AT-011,SEC-001,6.44,2018-01-31,OPERATIONAL,2026-06-23
AST-025,AT-014,SEC-003,19.167,2022-06-15,OPERATIONAL,2026-06-26
AST-029,AT-016,SEC-006,22.186,2015-06-02,OPERATIONAL,2026-06-26
AST-033,AT-010,SEC-001,5.855,2021-10-22,OPERATIONAL,2026-07-03
AST-034,AT-014,SEC-002,1.027,2017-04-03,OPERATIONAL,2026-07-02
AST-035,AT-011,SEC-003,14.068,2015-10-13,OPERATIONAL,2026-07-14
AST-041,AT-010,SEC-005,21.642,2015-01-30,OPERATIONAL,2026-07-18
AST-045,AT-010,SEC-006,25.381,2015-05-04,OPERATIONAL,2026-06-21
AST-050,AT-010,SEC-002,1.33,2017-02-19,OPERATIONAL,2026-07-28
AST-052,AT-012,SEC-004,11.28,2014-10-09,OPERATIONAL,2026-06-24
AST-053,AT-016,SEC-005,25.457,2017-02-15,OPERATIONAL,2026-07-17
AST-058,AT-013,SEC-001,7.533,2016-03-12,OPERATIONAL,2026-07-26
AST-063,AT-010,SEC-004,15.143,2016-04-08,OPERATIONAL,2026-06-26
AST-064,AT-010,SEC-005,21.418,2019-08-11,OPERATIONAL,2026-06-30
AST-067,AT-016,SEC-006,24.26,2015-02-04,OPERATIONAL,2026-06-26
AST-068,AT-012,SEC-006,20.432,2021-01-28,OPERATIONAL,2026-07-24
AST-073,AT-015,SEC-003,9.858,2017-08-18,OPERATIONAL,2026-06-07
AST-075,AT-015,SEC-002,4.365,2018-06-11,OPERATIONAL,2026-07-06
AST-079,AT-015,SEC-002,7.406,2019-12-06,OPERATIONAL,2026-07-23
AST-080,AT-016,SEC-002,7.051,2022-04-22,OPERATIONAL,2026-07-22
AST-082,AT-012,SEC-002,6.299,2021-05-16,OPERATIONAL,2026-06-02
AST-092,AT-014,SEC-003,15.629,2021-03-09,OPERATIONAL,2026-06-18
AST-110,AT-013,SEC-003,16.645,2015-06-08,OPERATIONAL,2026-06-25
AST-113,AT-010,SEC-002,1.207,2018-04-16,OPERATIONAL,2026-06-14
AST-117,AT-012,SEC-004,17.815,2017-11-19,OPERATIONAL,2026-07-27
AST-121,AT-014,SEC-005,19.743,2018-03-02,OPERATIONAL,2026-07-01
AST-123,AT-011,SEC-001,2.081,2018-11-30,OPERATIONAL,2026-07-26
AST-127,AT-015,SEC-001,6.034,2019-10-24,OPERATIONAL,2026-06-14
AST-132,AT-014,SEC-006,27.672,2018-05-17,OPERATIONAL,2026-07-15
AST-135,AT-014,SEC-001,2.778,2017-10-12,OPERATIONAL,2026-07-20
AST-137,AT-016,SEC-004,9.214,2018-07-10,OPERATIONAL,2026-06-05
AST-140,AT-013,SEC-004,17.496,2015-12-10,OPERATIONAL,2026-07-28
AST-150,AT-014,SEC-003,12.046,2017-06-30,OPERATIONAL,2026-06-02
AST-156,AT-015,SEC-004,9.18,2022-06-12,OPERATIONAL,2026-06-07
AST-158,AT-012,SEC-004,9.312,2021-11-07,OPERATIONAL,2026-07-07
AST-163,AT-013,SEC-003,14.539,2021-11-28,OPERATIONAL,2026-06-10
AST-168,AT-010,SEC-006,21.601,2019-08-14,OPERATIONAL,2026-07-03
AST-169,AT-015,SEC-005,25.451,2020-05-13,OPERATIONAL,2026-07-02
AST-171,AT-010,SEC-001,1.327,2019-02-19,OPERATIONAL,2026-06-05
AST-176,AT-014,SEC-005,28.057,2014-01-03,OPERATIONAL,2026-06-28
AST-183,AT-016,SEC-001,5.261,2016-07-01,OPERATIONAL,2026-06-16
AST-185,AT-015,SEC-004,16.74,2020-04-20,OPERATIONAL,2026-07-08
AST-190,AT-013,SEC-006,22.127,2014-09-03,OPERATIONAL,2026-07-14
AST-193,AT-012,SEC-004,11.909,2013-10-01,OPERATIONAL,2026-07-09
AST-197,AT-011,SEC-005,22.947,2013-11-20,OPERATIONAL,2026-06-15
AST-202,AT-011,SEC-001,3.756,2019-08-12,OPERATIONAL,2026-06-28
AST-204,AT-016,SEC-005,22.92,2019-01-12,OPERATIONAL,2026-06-07
AST-207,AT-016,SEC-006,25.835,2021-06-16,OPERATIONAL,2026-06-10
AST-212,AT-011,SEC-002,3.689,2019-09-26,OPERATIONAL,2026-07-08
AST-219,AT-010,SEC-005,26.207,2019-05-17,OPERATIONAL,2026-06-25
AST-220,AT-011,SEC-005,26.717,2020-02-16,OPERATIONAL,2026-06-03
AST-222,AT-015,SEC-002,5.026,2015-07-19,OPERATIONAL,2026-06-02
AST-227,AT-012,SEC-006,27.334,2021-04-17,OPERATIONAL,2026-06-07
AST-229,AT-015,SEC-006,28.319,2016-05-02,OPERATIONAL,2026-06-08
AST-232,AT-010,SEC-006,21.604,2022-04-21,OPERATIONAL,2026-07-26
AST-238,AT-015,SEC-001,6.67,2015-09-06,OPERATIONAL,2026-06-07
AST-242,AT-016,SEC-004,9.054,2020-03-16,OPERATIONAL,2026-07-22
AST-247,AT-014,SEC-003,17.183,2021-05-08,OPERATIONAL,2026-06-25
AST-249,AT-014,SEC-003,8.181,2019-08-11,OPERATIONAL,2026-06-12
AST-254,AT-016,SEC-004,12.902,2021-05-16,OPERATIONAL,2026-07-11
AST-259,AT-015,SEC-005,25.988,2020-03-04,OPERATIONAL,2026-07-29
AST-266,AT-013,SEC-006,19.963,2019-05-11,OPERATIONAL,2026-06-02
AST-269,AT-012,SEC-001,6.101,2016-02-23,OPERATIONAL,2026-07-12
AST-272,AT-012,SEC-001,1.443,2014-09-14,OPERATIONAL,2026-06-19
AST-273,AT-012,SEC-003,8.07,2020-12-23,OPERATIONAL,2026-07-06
AST-275,AT-010,SEC-006,24.274,2018-05-14,OPERATIONAL,2026-07-16
AST-283,AT-016,SEC-003,11.329,2021-03-28,OPERATIONAL,2026-06-08
AST-287,AT-014,SEC-004,14.594,2014-08-17,OPERATIONAL,2026-06-04
AST-294,AT-011,SEC-001,1.172,2020-05-15,OPERATIONAL,2026-07-10
AST-303,AT-015,SEC-001,3.598,2016-03-04,OPERATIONAL,2026-06-24
AST-305,AT-013,SEC-001,6.488,2018-09-25,OPERATIONAL,2026-07-06
AST-306,AT-010,SEC-005,25.315,2022-02-22,OPERATIONAL,2026-06-13
AST-311,AT-014,SEC-002,2.667,2016-01-19,OPERATIONAL,2026-06-23
AST-319,AT-014,SEC-001,5.295,2013-12-28,OPERATIONAL,2026-07-30
AST-321,AT-016,SEC-005,26.781,2020-09-22,OPERATIONAL,2026-07-10
AST-324,AT-011,SEC-005,21.653,2013-10-15,OPERATIONAL,2026-06-09
AST-326,AT-013,SEC-003,16.948,2016-12-11,OPERATIONAL,2026-07-04
AST-328,AT-010,SEC-006,23.825,2018-06-03,OPERATIONAL,2026-07-12
AST-332,AT-012,SEC-001,3.319,2018-02-20,OPERATIONAL,2026-06-28
AST-352,AT-010,SEC-003,18.734,2016-10-20,OPERATIONAL,2026-06-13
AST-363,AT-010,SEC-006,25.238,2018-07-05,OPERATIONAL,2026-07-30
AST-366,AT-012,SEC-003,12.403,2016-03-22,OPERATIONAL,2026-06-24
AST-375,AT-015,SEC-006,27.846,2015-06-07,OPERATIONAL,2026-06-06
AST-377,AT-011,SEC-004,8.302,2016-05-15,OPERATIONAL,2026-07-06
AST-383,AT-014,SEC-002,2.433,2020-10-07,OPERATIONAL,2026-07-31
AST-385,AT-016,SEC-001,2.005,2015-06-18,OPERATIONAL,2026-07-12
AST-386,AT-012,SEC-002,5.0,2015-09-11,OPERATIONAL,2026-07-23
AST-395,AT-011,SEC-003,13.922,2021-05-24,OPERATIONAL,2026-06-17
AST-407,AT-012,SEC-005,25.624,2021-04-02,OPERATIONAL,2026-07-01
AST-412,AT-011,SEC-003,18.711,2019-01-05,OPERATIONAL,2026-06-08
AST-416,AT-016,SEC-006,25.163,2015-11-22,OPERATIONAL,2026-07-20
AST-419,AT-013,SEC-002,6.573,2019-11-13,OPERATIONAL,2026-07-15
AST-422,AT-013,SEC-006,26.047,2014-09-02,OPERATIONAL,2026-06-04
AST-425,AT-012,SEC-005,22.689,2013-12-04,OPERATIONAL,2026-06-05
AST-426,AT-015,SEC-006,26.733,2019-08-15,OPERATIONAL,2026-06-15
AST-438,AT-011,SEC-004,15.508,2017-04-01,OPERATIONAL,2026-07-21
AST-442,AT-010,SEC-004,17.062,2020-06-29,OPERATIONAL,2026-07-19
AST-443,AT-016,SEC-003,18.083,2022-06-25,OPERATIONAL,2026-07-17
AST-449,AT-016,SEC-004,13.926,2021-08-11,OPERATIONAL,2026-06-17
AST-458,AT-016,SEC-006,26.93,2014-01-15,OPERATIONAL,2026-06-15
AST-463,AT-013,SEC-001,3.627,2016-10-29,OPERATIONAL,2026-06-10
AST-465,AT-015,SEC-001,3.168,2022-07-20,OPERATIONAL,2026-06-16
AST-468,AT-013,SEC-001,2.297,2020-07-25,OPERATIONAL,2026-07-08
AST-469,AT-016,SEC-006,28.305,2015-05-05,OPERATIONAL,2026-07-26
AST-470,AT-012,SEC-004,13.158,2018-05-08,OPERATIONAL,2026-07-29
AST-473,AT-016,SEC-001,7.828,2017-05-23,OPERATIONAL,2026-07-25
AST-476,AT-010,SEC-006,23.273,2013-12-29,OPERATIONAL,2026-07-20
AST-477,AT-010,SEC-002,1.649,2021-06-14,OPERATIONAL,2026-06-28
AST-482,AT-011,SEC-003,18.077,2015-03-07,OPERATIONAL,2026-07-16
AST-484,AT-015,SEC-002,5.008,2017-10-17,OPERATIONAL,2026-06-25
AST-491,AT-010,SEC-005,26.021,2020-06-12,OPERATIONAL,2026-06-22
AST-493,AT-011,SEC-005,26.019,2016-04-25,OPERATIONAL,2026-06-08
AST-499,AT-013,SEC-001,6.423,2014-06-25,OPERATIONAL,2026-06-17
AST-505,AT-015,SEC-006,23.915,2020-09-11,OPERATIONAL,2026-06-30
AST-518,AT-010,SEC-006,28.425,2015-04-19,OPERATIONAL,2026-07-02
AST-519,AT-010,SEC-004,12.362,2016-05-21,OPERATIONAL,2026-06-08
AST-521,AT-015,SEC-003,14.507,2021-07-07,OPERATIONAL,2026-07-26
AST-522,AT-010,SEC-002,1.691,2014-10-27,OPERATIONAL,2026-07-19
AST-523,AT-013,SEC-003,8.535,2021-10-01,OPERATIONAL,2026-06-29
AST-530,AT-012,SEC-005,26.421,2015-11-27,OPERATIONAL,2026-07-03
AST-532,AT-013,SEC-002,2.846,2018-05-17,OPERATIONAL,2026-07-26
AST-540,AT-010,SEC-003,12.759,2013-11-05,OPERATIONAL,2026-06-29
AST-547,AT-013,SEC-003,13.063,2017-10-03,OPERATIONAL,2026-07-05
AST-548,AT-016,SEC-006,28.268,2021-01-21,OPERATIONAL,2026-06-16
AST-550,AT-012,SEC-006,25.755,2017-01-28,OPERATIONAL,2026-06-18
AST-551,AT-016,SEC-002,2.607,2019-06-10,OPERATIONAL,2026-06-15
AST-552,AT-013,SEC-003,9.31,2016-04-05,OPERATIONAL,2026-07-15
AST-554,AT-013,SEC-006,21.387,2013-08-21,OPERATIONAL,2026-06-21
AST-562,AT-015,SEC-006,23.097,2014-02-22,OPERATIONAL,2026-07-07
AST-565,AT-014,SEC-006,24.004,2018-09-19,OPERATIONAL,2026-07-28
AST-566,AT-013,SEC-001,2.363,2021-08-15,OPERATIONAL,2026-06-13
AST-568,AT-014,SEC-004,12.005,2021-06-28,OPERATIONAL,2026-07-19
AST-570,AT-010,SEC-001,6.793,2015-04-26,OPERATIONAL,2026-06-11
AST-587,AT-013,SEC-002,1.561,2018-04-12,OPERATIONAL,2026-06-16
AST-588,AT-014,SEC-006,23.955,2014-11-27,OPERATIONAL,2026-07-06
AST-592,AT-014,SEC-005,20.519,2021-04-21,OPERATIONAL,2026-07-25
AST-594,AT-013,SEC-005,21.467,2017-10-25,OPERATIONAL,2026-07-09
AST-597,AT-011,SEC-002,6.486,2015-12-28,OPERATIONAL,2026-07-17
AST-601,AT-012,SEC-003,14.586,2016-10-24,OPERATIONAL,2026-06-17
AST-602,AT-015,SEC-001,1.085,2014-03-04,OPERATIONAL,2026-06-10
AST-603,AT-010,SEC-003,17.971,2021-02-28,OPERATIONAL,2026-07-08
AST-605,AT-016,SEC-006,23.034,2020-12-27,OPERATIONAL,2026-07-07
AST-612,AT-012,SEC-005,24.701,2016-03-27,OPERATIONAL,2026-07-09
AST-613,AT-016,SEC-003,18.283,2014-01-13,OPERATIONAL,2026-07-28
AST-618,AT-011,SEC-001,3.171,2019-02-27,OPERATIONAL,2026-06-26
AST-622,AT-016,SEC-004,15.981,2017-03-24,OPERATIONAL,2026-07-10
AST-625,AT-016,SEC-002,5.133,2014-12-28,OPERATIONAL,2026-06-22
AST-630,AT-012,SEC-002,1.982,2015-05-10,OPERATIONAL,2026-06-12
AST-632,AT-011,SEC-005,24.962,2020-06-20,OPERATIONAL,2026-07-16
AST-634,AT-013,SEC-004,9.297,2016-12-24,OPERATIONAL,2026-06-23
AST-636,AT-012,SEC-002,3.095,2016-03-17,OPERATIONAL,2026-06-09
AST-638,AT-016,SEC-001,0.134,2021-10-29,OPERATIONAL,2026-06-03
AST-643,AT-016,SEC-002,4.291,2018-03-15,OPERATIONAL,2026-07-29
AST-645,AT-011,SEC-001,1.956,2017-09-17,OPERATIONAL,2026-06-05
AST-649,AT-012,SEC-002,2.975,2014-03-05,OPERATIONAL,2026-06-22
AST-650,AT-012,SEC-006,27.478,2013-12-07,OPERATIONAL,2026-06-18
AST-651,AT-012,SEC-004,11.128,2021-11-13,OPERATIONAL,2026-06-13
AST-658,AT-012,SEC-003,17.499,2016-03-04,OPERATIONAL,2026-07-04
AST-660,AT-013,SEC-001,7.016,2019-06-02,OPERATIONAL,2026-07-06
AST-661,AT-012,SEC-003,8.993,2017-06-18,OPERATIONAL,2026-07-15
AST-664,AT-016,SEC-002,5.86,2016-06-15,OPERATIONAL,2026-06-25
AST-665,AT-011,SEC-002,0.051,2017-12-26,OPERATIONAL,2026-07-24
AST-667,AT-010,SEC-006,22.886,2014-04-22,OPERATIONAL,2026-07-31
AST-674,AT-013,SEC-006,26.987,2018-12-04,OPERATIONAL,2026-06-21
AST-681,AT-013,SEC-005,19.941,2019-03-26,OPERATIONAL,2026-07-24
AST-684,AT-011,SEC-001,0.096,2013-10-29,OPERATIONAL,2026-06-29
AST-685,AT-011,SEC-002,6.589,2018-05-30,OPERATIONAL,2026-07-09
AST-688,AT-010,SEC-003,9.409,2017-05-31,OPERATIONAL,2026-07-12
AST-695,AT-013,SEC-006,22.732,2016-06-23,OPERATIONAL,2026-07-18
AST-696,AT-012,SEC-005,24.022,2018-03-25,OPERATIONAL,2026-06-08
AST-698,AT-016,SEC-003,8.674,2017-04-17,OPERATIONAL,2026-07-28
AST-701,AT-010,SEC-002,4.606,2013-08-22,OPERATIONAL,2026-06-02
AST-703,AT-015,SEC-003,18.511,2022-04-08,OPERATIONAL,2026-07-23
AST-705,AT-016,SEC-004,14.234,2020-08-12,OPERATIONAL,2026-06-28
AST-710,AT-016,SEC-005,27.246,2021-10-08,OPERATIONAL,2026-06-28
AST-714,AT-015,SEC-005,26.583,2020-01-30,OPERATIONAL,2026-07-13
AST-717,AT-013,SEC-005,19.791,2015-10-30,OPERATIONAL,2026-07-23
AST-721,AT-013,SEC-001,2.122,2019-10-14,OPERATIONAL,2026-07-19
AST-724,AT-013,SEC-004,12.039,2018-05-17,OPERATIONAL,2026-07-07
AST-729,AT-010,SEC-003,14.831,2015-09-14,OPERATIONAL,2026-07-08
AST-730,AT-015,SEC-001,3.451,2015-04-03,OPERATIONAL,2026-06-29
AST-733,AT-014,SEC-003,15.597,2019-04-01,OPERATIONAL,2026-07-05
AST-736,AT-015,SEC-005,23.823,2021-06-30,OPERATIONAL,2026-07-30
AST-745,AT-015,SEC-004,14.586,2019-12-10,OPERATIONAL,2026-07-08
